Date,Open Price,High Price,Low Price,Close Price,WAP,No.of Shares,No. of Trades,Total Turnover (Rs.),Deliverable Quantity,% Deli. Qty to Traded Qty,Spread High-Low,Spread Close-Open
1-June-2017,219.40,227.80,219.40,225.50,223.394992707826932425,32912,740,7352376.00,18056,54.86,8.40,6.10
31-May-2017,213.05,223.45,211.10,219.30,219.882856214577091079,27701,1117,6090975.00,8656,31.25,12.35,6.25
30-May-2017,211.40,214.95,210.90,213.05,212.844937936384794414,10312,700,2194857.00,4966,48.16,4.05,1.65
29-May-2017,219.25,219.25,212.15,215.70,215.578606925928847519,12677,650,2732890.00,7596,59.92,7.10,-3.55
26-May-2017,216.50,219.20,215.95,218.65,217.933131923464249748,9930,240,2164076.00,5940,59.82,3.25,2.15
25-May-2017,212.95,216.30,210.90,214.10,214.245524716702249958,6089,247,1304541.00,2320,38.10,5.40,1.15
24-May-2017,219.00,219.50,210.50,212.60,215.228963272896327289,17208,564,3703660.00,4443,25.82,9.00,-6.40
23-May-2017,224.00,224.00,208.00,217.70,216.270248560846088625,22409,1099,4846400.00,8339,37.21,16.00,-6.30
22-May-2017,220.95,225.60,218.05,223.00,223.366644371054721792,47842,715,10686307.00,32386,67.69,7.55,2.05
19-May-2017,223.90,225.25,218.85,223.20,222.380370348915792929,51789,1444,11516857.00,21889,42.27,6.40,-0.70
18-May-2017,215.00,224.40,214.00,222.60,221.228324888282257913,106966,2467,23663909.00,36647,34.26,10.40,7.60
17-May-2017,215.25,219.60,215.25,217.70,217.472339508832399827,46420,1175,10095066.00,16898,36.40,4.35,2.45
16-May-2017,215.00,220.50,210.50,215.45,217.533257987567948711,199967,3193,43499473.00,73933,36.97,10.00,0.45
15-May-2017,212.95,214.35,208.25,208.70,210.849523521403721070,33055,1044,6969631.00,10515,31.81,6.10,-4.25
12-May-2017,208.00,214.05,206.50,211.95,210.773899467506760712,35869,821,7560249.00,11850,33.04,7.55,3.95
11-May-2017,212.45,212.50,205.20,206.65,208.426075380647308428,24038,504,5010146.00,11259,46.84,7.30,-5.80
10-May-2017,210.95,215.40,209.20,211.30,212.243012602892619634,43006,955,9127723.00,11758,27.34,6.20,0.35
9-May-2017,210.00,228.00,209.10,210.25,218.326262640169063336,290542,7961,63432949.00,60629,20.87,18.90,0.25
8-May-2017,209.00,212.30,208.25,209.05,209.879808228342067120,8969,210,1882412.00,4469,49.83,4.05,0.05
5-May-2017,212.95,212.95,206.00,207.65,208.514573807968647942,24496,394,5107773.00,13978,57.06,6.95,-5.30
4-May-2017,202.95,214.50,202.95,211.95,208.982898089716621346,58473,1212,12219857.00,22747,38.90,11.55,9.00
3-May-2017,201.70,206.05,199.70,202.20,203.017098876109677701,22867,474,4642392.00,10055,43.97,6.35,0.50
2-May-2017,204.95,207.00,199.55,200.55,202.160493827160493827,9558,321,1932250.00,5584,58.42,7.45,-4.40
28-April-2017,205.05,206.00,202.50,204.10,204.370699758703895208,14505,311,2964397.00,9083,62.62,3.50,-0.95
27-April-2017,211.00,212.00,204.50,204.85,205.954667484850809235,13037,351,2685031.00,7163,54.94,7.50,-6.15
26-April-2017,213.00,214.75,207.95,209.20,210.880839539607312119,22155,493,4672065.00,8956,40.42,6.80,-3.80
25-April-2017,212.05,219.15,212.00,212.45,214.567834765907874437,31761,649,6814889.00,11438,36.01,7.15,0.40
24-April-2017,216.00,216.40,211.00,212.75,213.189555829044528977,35752,532,7621953.00,18345,51.31,5.40,-3.25
21-April-2017,215.00,222.00,214.00,215.15,218.204367281809352018,57656,926,12580791.00,15052,26.11,8.00,0.15
20-April-2017,221.95,223.65,213.25,214.45,217.101803503748987949,85223,1298,18502067.00,23299,27.34,10.40,-7.50
19-April-2017,220.10,226.05,215.15,220.00,220.044773876896879851,99835,1679,21968170.00,22041,22.08,10.90,-0.10
18-April-2017,214.15,231.70,210.85,225.00,219.483179814924634478,234391,2971,51444882.00,96809,41.30,20.85,10.85
17-April-2017,207.70,216.20,205.00,213.60,211.629698742784850162,316175,4149,66912020.00,81047,25.63,11.20,5.90
13-April-2017,195.00,200.00,190.45,197.15,195.099780189176554838,100541,1489,19615527.00,30078,29.92,9.55,2.15
12-April-2017,178.70,199.00,175.75,195.90,192.314270889313047829,215852,3224,41511420.00,56789,26.31,23.25,17.20
11-April-2017,181.40,181.40,177.00,177.80,178.798778625954198473,13100,227,2342264.00,8132,62.08,4.40,-3.60
10-April-2017,182.00,182.70,178.10,180.15,181.271262886597938144,15520,269,2813330.00,10477,67.51,4.60,-1.85
7-April-2017,184.00,187.85,181.00,181.75,185.614210248283148441,18930,412,3513677.00,11866,62.68,6.85,-2.25
6-April-2017,186.00,188.00,184.15,185.25,185.872790662422313172,32985,412,6131014.00,21885,66.35,3.85,-0.75
5-April-2017,183.00,194.80,182.05,186.00,188.831343890942385296,58978,1256,11136895.00,16853,28.58,12.75,3.00
3-April-2017,179.95,184.40,179.15,182.75,181.203568977350720658,7285,217,1320068.00,3429,47.07,5.25,2.80
31-March-2017,179.95,181.95,178.50,181.05,180.286930510814542107,4346,112,783527.00,3032,69.77,3.45,1.10
30-March-2017,181.05,181.80,178.50,180.00,180.815046296296296296,4320,105,781121.00,2451,56.74,3.30,-1.05
29-March-2017,179.25,181.00,177.25,180.40,180.049445105033690051,20184,216,3634118.00,17782,88.10,3.75,1.15
28-March-2017,177.40,180.65,176.45,177.80,178.594295549545119252,16268,395,2905372.00,9711,59.69,4.20,0.40
27-March-2017,172.60,177.30,172.50,175.40,175.088087549336203803,11148,277,1951882.00,6134,55.02,4.80,2.80
24-March-2017,173.15,174.15,172.15,172.60,172.913730929264909847,7210,135,1246708.00,4703,65.23,2.00,-0.55
23-March-2017,173.95,178.00,169.70,171.35,175.354493859777875629,735804,620,129026538.00,8266,1.12,8.30,-2.60
22-March-2017,173.35,174.95,171.00,171.30,172.799712756234495364,7659,186,1323473.00,3858,50.37,3.95,-2.05
21-March-2017,178.00,182.55,165.05,174.40,172.355336648363302146,42433,918,7313554.00,7327,17.27,17.50,-3.60
20-March-2017,179.80,179.80,172.60,176.05,175.502110364233234328,19191,473,3368061.00,8560,44.60,7.20,-3.75
17-March-2017,181.95,188.10,175.50,178.00,182.327830420095036514,856092,1195,156089397.00,19183,2.24,12.60,-3.95
16-March-2017,180.00,182.55,179.55,180.90,181.285714285714285714,12026,262,2180142.00,6273,52.16,3.00,0.90
15-March-2017,184.00,184.00,179.00,179.75,180.254854910714285714,17920,337,3230167.00,10006,55.84,5.00,-4.25
14-March-2017,181.95,188.40,177.45,184.30,182.444136562249984614,649960,1402,118581391.00,30345,4.67,10.95,2.35
10-March-2017,185.95,185.95,180.00,180.80,182.712077943893835041,11906,312,2175370.00,5394,45.30,5.95,-5.15
9-March-2017,180.75,187.70,180.75,183.85,185.010037112010796221,35568,923,6580437.00,11908,33.48,6.95,3.10
8-March-2017,178.00,182.00,174.50,180.95,178.934096713073564544,24278,528,4344162.00,10242,42.19,7.50,2.95
7-March-2017,178.00,179.00,176.50,177.40,177.439206883651328095,5346,131,948590.00,2149,40.20,2.50,-0.60
6-March-2017,179.50,181.00,177.50,178.65,179.252828716348029652,17941,331,3215975.00,7748,43.19,3.50,-0.85
3-March-2017,177.35,180.45,175.50,179.70,177.652689766752056087,7417,191,1317650.00,3868,52.15,4.95,2.35
2-March-2017,183.00,183.50,175.10,177.20,180.046630292007679094,19794,309,3563843.00,14954,75.55,8.40,-5.80
1-March-2017,182.55,184.15,181.00,182.15,182.972344364730386484,8642,182,1581247.00,5502,63.67,3.15,-0.40
28-February-2017,183.95,184.60,182.00,183.10,183.407967032967032967,18928,630,3471546.00,11605,61.31,2.60,-0.85
27-February-2017,181.95,183.05,179.35,182.55,181.657304991824564778,20794,680,3777382.00,12488,60.06,3.70,0.60
23-February-2017,179.10,183.95,179.00,180.40,181.520035316490084216,44172,528,8018103.00,28847,65.31,4.95,1.30
22-February-2017,177.20,181.00,177.20,178.60,178.906773175165024394,20906,294,3740225.00,12471,59.65,3.80,1.40
21-February-2017,185.95,186.00,180.00,180.45,181.736855571190993987,23451,461,4261911.00,10837,46.21,6.00,-5.50
20-February-2017,184.40,187.00,182.00,185.75,185.345816397343114900,40348,819,7478333.00,19763,48.98,5.00,1.35
17-February-2017,179.50,184.85,179.00,183.55,183.066639494599551660,39256,866,7186464.00,19480,49.62,5.85,4.05
16-February-2017,176.95,184.00,175.05,179.50,179.158137377134738612,103467,2030,18536955.00,34512,33.36,8.95,2.55
15-February-2017,175.00,177.65,170.50,176.25,175.382028588487338882,56946,950,9987305.00,27397,48.11,7.15,1.25
14-February-2017,171.45,174.85,168.60,174.10,171.273759096339741501,36828,525,6307670.00,13128,35.65,6.25,2.65
13-February-2017,168.00,177.85,166.15,171.60,173.152185837310076243,109386,2109,18940425.00,34198,31.26,11.70,3.60
10-February-2017,162.95,172.20,162.95,168.00,167.765707996363114322,83588,1439,14023200.00,37070,44.35,9.25,5.05
9-February-2017,161.00,165.50,161.00,162.85,163.186223225593304333,36322,593,5927250.00,13314,36.66,4.50,1.85
8-February-2017,158.40,162.60,157.60,158.55,160.135061650331963325,15815,311,2532536.00,6058,38.31,5.00,0.15
7-February-2017,159.00,160.00,156.35,157.45,157.867797228300510576,5484,139,865747.00,3646,66.48,3.65,-1.55
6-February-2017,161.00,162.35,156.95,157.30,158.074276386011175990,15927,303,2517649.00,8300,52.11,5.40,-3.70
3-February-2017,160.60,162.45,159.60,160.95,160.463643416319909725,14179,187,2275214.00,9468,66.77,2.85,0.35
2-February-2017,157.50,163.00,156.65,160.50,161.177036096499183747,16539,380,2665707.00,7393,44.70,6.35,3.00
1-February-2017,157.00,159.80,153.60,159.30,156.079470828971162082,21014,292,3279854.00,14361,68.34,6.20,2.30
31-January-2017,163.05,163.05,156.75,157.35,160.019998305228370477,23602,305,3776792.00,16482,69.83,6.30,-5.70
30-January-2017,161.95,163.90,161.60,161.95,162.386260993582125029,4207,98,683159.00,2409,57.26,2.30,0.00
27-January-2017,165.00,167.00,161.50,162.15,164.290826056408712235,19926,361,3273659.00,11843,59.43,5.50,-2.85
25-January-2017,163.80,165.00,161.95,163.00,162.784924408355147176,18719,510,3047171.00,14422,77.04,3.05,-0.80
24-January-2017,163.45,166.60,162.25,162.95,163.523383768913342503,30534,729,4993023.00,18850,61.73,4.35,-0.50
23-January-2017,161.00,163.50,161.00,162.45,162.199038035567369153,15801,376,2562907.00,7035,44.52,2.50,1.45
20-January-2017,162.00,163.05,161.00,161.80,162.016779911373707533,16925,281,2742134.00,11977,70.77,2.05,-0.20
19-January-2017,163.60,164.65,160.65,161.80,162.169653676892658970,15679,451,2542658.00,9416,60.05,4.00,-1.80
18-January-2017,164.50,166.30,163.00,163.60,164.748993936792402210,18637,555,3070427.00,7057,37.87,3.30,-0.90
17-January-2017,161.95,172.50,161.35,164.90,167.518972305932557576,90922,2469,15231160.00,21681,23.85,11.15,2.95
16-January-2017,160.00,162.45,158.85,161.05,160.770501952566911134,20998,730,3375859.00,10053,47.88,3.60,1.05
13-January-2017,159.05,159.40,156.70,159.20,158.123450828907130210,6213,281,982421.00,3334,53.66,2.70,0.15
12-January-2017,159.50,161.35,158.50,159.90,159.801355052616404785,6937,280,1108542.00,2951,42.54,2.85,0.40
11-January-2017,162.00,162.00,158.05,159.60,160.033002129169623846,11272,304,1803892.00,5445,48.31,3.95,-2.40
10-January-2017,158.00,163.00,157.70,161.65,160.330211631394767538,30005,855,4810708.00,16384,54.60,5.30,3.65
9-January-2017,155.00,158.10,154.50,157.35,156.616635563849640095,11253,504,1762407.00,3780,33.59,3.60,2.35
6-January-2017,155.10,157.00,153.15,154.90,154.907906508611048982,17884,352,2770373.00,7784,43.52,3.85,-0.20
5-January-2017,153.40,156.90,153.40,154.30,154.900368654882314018,10579,267,1638691.00,4597,43.45,3.50,0.90
4-January-2017,155.95,157.30,152.80,153.15,154.788236772653009928,15914,471,2463300.00,9057,56.91,4.50,-2.80
3-January-2017,152.25,159.00,150.00,155.25,156.160096139754374651,34117,622,5327714.00,13191,38.66,9.00,3.00
2-January-2017,151.20,153.55,150.00,152.00,151.754664625394699071,20902,400,3171976.00,6530,31.24,3.55,0.80
30-December-2016,148.85,152.00,148.75,150.55,149.887696156470320673,21985,363,3295281.00,14824,67.43,3.25,1.70
29-December-2016,148.90,148.90,146.85,148.05,147.775929256594724220,26688,198,3943844.00,15809,59.24,2.05,-0.85
28-December-2016,147.30,150.80,147.20,147.90,149.059074353735453495,22514,380,3355916.00,10518,46.72,3.60,0.60
27-December-2016,144.05,149.00,142.90,147.95,146.186193863939528679,17992,322,2630182.00,9800,54.47,6.10,3.90
26-December-2016,143.30,145.10,141.55,144.15,143.387379491673970201,10269,240,1472445.00,4665,45.43,3.55,0.85
23-December-2016,145.75,146.95,142.25,144.05,144.524095623577030103,15812,504,2285215.00,10074,63.71,4.70,-1.70
22-December-2016,148.50,149.00,145.10,145.75,146.587938476503130889,16449,289,2411225.00,10553,64.16,3.90,-2.75
21-December-2016,149.25,151.65,148.70,149.45,150.187755720563721776,13198,236,1982178.00,7079,53.64,2.95,0.20
20-December-2016,150.95,151.00,148.00,148.85,149.120474229731648445,14086,232,2100511.00,7766,55.13,3.00,-2.10
19-December-2016,151.70,153.40,149.10,149.60,151.106212797619047619,26880,438,4061735.00,14028,52.19,4.30,-2.10
16-December-2016,150.60,154.90,150.00,150.45,152.355538755725530306,22487,623,3426019.00,6641,29.53,4.90,-0.15
15-December-2016,148.05,154.80,148.05,152.25,152.614711374523016968,61585,765,9398777.00,20162,32.74,6.75,4.20
14-December-2016,156.35,156.35,150.25,151.20,152.753853035663454109,49182,721,7512740.00,24943,50.72,6.10,-5.15
13-December-2016,154.50,157.00,153.15,155.55,154.989945973594194558,62562,1102,9696481.00,16339,26.12,3.85,1.05
12-December-2016,156.00,158.45,152.40,153.60,154.408083033187548237,124384,1896,19205895.00,24960,20.07,6.05,-2.40
9-December-2016,144.00,161.70,143.00,157.45,154.484372060439189224,962091,10429,148628024.00,241477,25.10,18.70,13.45
8-December-2016,158.00,158.00,142.00,143.25,144.564930567367683379,734885,3826,106238599.00,351735,47.86,16.00,-14.75
7-December-2016,160.00,162.80,159.65,161.10,160.949946751863684771,939,54,151132.00,891,94.89,3.15,1.10
6-December-2016,162.00,162.00,158.00,160.15,159.918730535370013347,13486,198,2156664.00,7547,55.96,4.00,-1.85
5-December-2016,156.95,163.70,156.00,161.90,160.778386272362175976,16434,263,2642232.00,10971,66.76,7.70,4.95
2-December-2016,159.00,159.00,156.20,156.45,157.659038013964313421,2578,56,406445.00,1475,57.21,2.80,-2.55
1-December-2016,157.95,159.70,155.00,158.75,157.856467604334793636,8674,229,1369247.00,3127,36.05,4.70,0.80
30-November-2016,164.45,164.95,155.05,158.70,160.242327365728900255,14076,435,2255571.00,9955,70.72,9.90,-5.75
29-November-2016,163.90,164.00,161.70,162.95,162.819979716024340770,3944,151,642162.00,2923,74.11,2.30,-0.95
28-November-2016,163.00,164.10,162.05,163.00,163.049938432070050622,14618,188,2383464.00,10493,71.78,2.05,0.00
25-November-2016,160.10,165.80,160.10,161.45,163.348778238819732595,17352,399,2834428.00,9919,57.16,5.70,1.35
24-November-2016,162.05,162.55,160.50,161.25,161.732029969562163427,17084,125,2763030.00,15801,92.49,2.05,-0.80
23-November-2016,164.00,164.00,161.75,162.40,162.760101010101010101,1188,45,193359.00,923,77.69,2.25,-1.60
22-November-2016,163.00,165.35,159.00,164.15,162.764221158958001063,3762,149,612319.00,2247,59.73,6.35,1.15
21-November-2016,163.00,164.00,157.50,162.60,160.107718696397941680,17490,157,2800284.00,15468,88.44,6.50,-0.40
18-November-2016,163.85,164.00,161.50,163.05,162.838784274859596960,3027,79,492913.00,2534,83.71,2.50,-0.80
17-November-2016,165.65,165.65,161.80,162.95,162.989348370927318295,3192,90,520262.00,1823,57.11,3.85,-2.70
16-November-2016,164.05,168.00,162.00,166.60,164.839186913639643974,8314,223,1370473.00,3798,45.68,6.00,2.55
15-November-2016,174.00,174.00,158.00,165.35,163.795534506089309878,14780,343,2420898.00,9722,65.78,16.00,-8.65
11-November-2016,161.50,166.30,157.95,164.15,163.454271356783919597,18905,371,3090103.00,17252,91.26,8.35,2.65
10-November-2016,161.40,169.00,161.20,162.60,165.579799198990508586,36454,587,6036046.00,9231,25.32,7.80,1.20
9-November-2016,154.00,159.90,141.10,158.85,152.467867706372680828,3719,181,567028.00,2104,56.57,18.80,4.85
8-November-2016,156.90,165.00,154.90,159.85,160.664894919047452529,28597,758,4594534.00,6643,23.23,10.10,2.95
7-November-2016,158.05,158.05,155.00,155.20,155.977526679221594475,7965,152,1242361.00,4210,52.86,3.05,-2.85
4-November-2016,157.40,157.95,154.45,155.90,155.860428328060355317,8218,283,1280861.00,6024,73.30,3.50,-1.50
3-November-2016,160.20,160.95,158.05,158.80,159.518434055492208285,5262,131,839386.00,3758,71.42,2.90,-1.40
2-November-2016,161.15,162.25,160.10,160.40,161.037707838479809976,3368,81,542375.00,1802,53.50,2.15,-0.75
1-November-2016,163.85,164.95,161.00,162.80,163.257439942631767658,8367,260,1365975.00,3587,42.87,3.95,-1.05
30-October-2016,161.60,162.10,160.10,161.50,161.103550295857988165,676,23,108906.00,497,73.52,2.00,-0.10
28-October-2016,161.25,162.80,159.85,160.25,160.934986429805082654,8106,190,1304539.00,5507,67.94,2.95,-1.00
27-October-2016,162.25,162.50,160.45,161.40,161.463753213367609254,3890,113,628094.00,3776,97.07,2.05,-0.85
26-October-2016,165.00,165.50,162.00,162.80,163.612959939721210599,7963,194,1302850.00,4108,51.59,3.50,-2.20
25-October-2016,163.60,165.50,161.50,163.35,163.284817611207131811,10993,260,1794990.00,5315,48.35,4.00,-0.25
24-October-2016,165.55,166.70,163.00,163.40,164.427172874880611270,8376,413,1377242.00,5532,66.05,3.70,-2.15
21-October-2016,168.00,174.00,161.80,164.35,167.685350054719157620,33809,973,5669274.00,11558,34.19,12.20,-3.65
20-October-2016,165.95,169.00,165.00,167.25,167.585571923743500866,9232,163,1547150.00,5165,55.95,4.00,1.30
19-October-2016,164.70,166.90,164.00,164.70,165.224615384615384615,2600,115,429584.00,1555,59.81,2.90,0.00
18-October-2016,165.00,167.00,163.00,166.35,165.391141788898475697,3477,113,575065.00,2036,58.56,4.00,1.35
17-October-2016,165.00,166.20,162.10,164.70,164.570286475682878081,4503,165,741060.00,3352,74.44,4.10,-0.30
14-October-2016,165.05,167.00,163.15,164.10,164.771863117870722433,4997,96,823365.00,3802,76.09,3.85,-0.95
13-October-2016,164.50,166.00,162.30,164.95,164.774106175514626218,3692,119,608346.00,2189,59.29,3.70,0.45
10-October-2016,165.90,168.80,164.25,164.80,166.441509433962264150,10600,389,1764280.00,2497,23.56,4.55,-1.10
7-October-2016,164.60,165.70,163.60,163.95,164.547047970479704797,3252,114,535107.00,2364,72.69,2.10,-0.65
6-October-2016,165.95,167.30,164.00,165.10,165.275685313126810786,4487,156,741592.00,2977,66.35,3.30,-0.85
5-October-2016,164.85,167.55,163.50,165.30,165.036606523247744621,5764,210,951271.00,3180,55.17,4.05,0.45
4-October-2016,162.80,165.75,162.50,162.75,163.502053204784859846,5601,236,915775.00,3079,54.97,3.25,-0.05
3-October-2016,160.00,165.40,158.75,161.55,162.295304397243730908,14077,475,2284631.00,7466,53.04,6.65,1.55
30-September-2016,161.00,161.00,156.00,160.05,159.732843651626442812,9530,342,1522254.00,4153,43.58,5.00,-0.95
29-September-2016,169.80,169.80,161.10,161.85,165.220114531138153185,11176,303,1846500.00,6245,55.88,8.70,-7.95
28-September-2016,168.00,170.25,167.00,167.60,168.544090816947091019,4933,256,831428.00,3257,66.02,3.25,-0.40
27-September-2016,169.00,173.50,168.20,169.35,170.265165535677565288,9726,536,1655999.00,4162,42.79,5.30,0.35
26-September-2016,170.50,171.95,169.50,170.25,170.796850393700787401,3810,110,650736.00,2291,60.13,2.45,-0.25
23-September-2016,171.00,172.00,170.30,171.30,171.155734788281342663,8431,236,1443014.00,5375,63.75,1.70,0.30
22-September-2016,173.00,173.15,168.90,169.50,170.901706934938566834,12127,337,2072525.00,7612,62.77,4.25,-3.50
21-September-2016,172.05,176.55,170.65,171.45,174.069925355164941006,20765,573,3614562.00,8230,39.63,5.90,-0.60
20-September-2016,173.90,174.90,170.10,172.35,173.141432584269662921,7120,276,1232767.00,2062,28.96,4.80,-1.55
19-September-2016,172.05,174.40,171.30,173.55,173.359916054564533053,11436,311,1982544.00,5822,50.91,3.10,1.50
16-September-2016,184.00,186.50,167.55,170.55,173.908172836418209104,31984,750,5562279.00,17352,54.25,18.95,-13.45
15-September-2016,184.05,187.80,181.75,183.95,183.644621061595231336,17615,683,3234900.00,7296,41.42,6.05,-0.10
14-September-2016,183.20,186.00,180.05,184.25,182.860221599902593449,8213,244,1501831.00,3764,45.83,5.95,1.05
12-September-2016,180.05,186.40,180.05,182.20,182.517095374192865459,9447,407,1724239.00,2488,26.34,6.35,2.15
9-September-2016,180.60,185.50,180.00,182.10,182.366085228527268712,18116,499,3303744.00,7945,43.86,5.50,1.50
8-September-2016,181.35,182.70,180.25,180.75,181.122133832475432849,8548,235,1548232.00,6471,75.70,2.45,-0.60
7-September-2016,186.90,186.90,181.10,181.80,183.146600764711368087,10723,269,1963881.00,6235,58.15,5.80,-5.10
6-September-2016,185.40,187.35,184.25,184.50,185.555509355509355509,2405,109,446261.00,1263,52.52,3.10,-0.90
2-September-2016,182.95,189.70,180.60,185.10,185.784218006550083420,16183,498,3006546.00,4322,26.71,9.10,2.15
1-September-2016,183.90,184.35,181.20,181.75,182.678861788617886178,1968,96,359512.00,1293,65.70,3.15,-2.15
31-August-2016,182.20,185.95,182.20,184.05,183.783048582609525627,10477,186,1925495.00,8303,79.25,3.75,1.85
30-August-2016,183.15,185.60,182.20,183.45,183.688012374323279195,6465,219,1187543.00,1450,22.43,3.40,0.30
29-August-2016,184.25,184.85,182.70,184.50,183.506046087154916723,4383,99,804307.00,1531,34.93,2.15,0.25
26-August-2016,185.95,186.00,184.00,184.55,184.780646493855210162,9683,158,1789231.00,8417,86.93,2.00,-1.40
25-August-2016,187.15,187.15,181.55,183.00,183.774608833432362844,5049,223,927878.00,2998,59.38,5.60,-4.15
24-August-2016,185.10,186.00,184.00,185.45,184.971501390176088971,4316,134,798337.00,3007,69.67,2.00,0.35
23-August-2016,187.95,188.00,184.65,185.10,185.336650554449815183,3517,122,651829.00,2252,64.03,3.35,-2.85
22-August-2016,187.00,187.65,186.05,186.45,186.952076677316293929,3756,109,702192.00,2625,69.89,1.60,-0.55
19-August-2016,186.30,188.30,186.05,186.30,186.889194139194139194,5460,128,1020415.00,4331,79.32,2.25,0.00
18-August-2016,186.50,189.35,186.10,187.30,187.743709065839365735,5802,168,1089289.00,3566,61.46,3.25,0.80
17-August-2016,188.40,189.00,186.70,187.40,187.669646049338577046,8391,182,1574736.00,5079,60.53,2.30,-1.00
16-August-2016,191.00,191.00,187.00,187.60,187.974172719935431799,6195,228,1164500.00,2868,46.30,4.00,-3.40
12-August-2016,188.40,191.00,187.15,187.85,188.260050604441945459,7114,252,1339282.00,3511,49.35,3.85,-0.55
11-August-2016,192.00,192.00,187.40,187.85,189.441892199226745508,8794,243,1665952.00,5362,60.97,4.60,-4.15
10-August-2016,197.80,197.80,190.10,192.20,193.743607882769075290,9895,290,1917093.00,5207,52.62,7.70,-5.60
9-August-2016,194.00,204.50,194.00,197.10,200.586360168845038905,98315,1930,19720648.00,26919,27.38,10.50,3.10
8-August-2016,194.00,194.00,190.10,190.85,191.123625557206537890,3365,111,643131.00,2014,59.85,3.90,-3.15
5-August-2016,188.00,194.50,188.00,191.40,190.750712119819902600,10883,212,2075940.00,7567,69.53,6.50,3.40
4-August-2016,188.40,190.00,187.05,188.30,188.598087297694948504,4078,113,769103.00,2490,61.06,2.95,-0.10
3-August-2016,189.55,190.90,185.50,190.05,187.964085820895522388,8576,240,1611980.00,4248,49.53,5.40,0.50
2-August-2016,189.25,191.15,187.55,188.20,189.165246578879421636,3873,115,732637.00,1876,48.44,3.60,-1.05
1-August-2016,191.00,192.75,190.00,190.15,190.813298490127758420,3444,80,657161.00,2249,65.30,2.75,-0.85
29-July-2016,189.00,191.90,189.00,189.60,190.319230769230769230,7540,232,1435007.00,3114,41.30,2.90,0.60
28-July-2016,190.55,194.50,188.20,189.00,191.267867462916586399,20764,527,3971486.00,7789,37.51,6.30,-1.55
27-July-2016,192.70,192.80,190.30,190.85,191.066951566951566951,2106,70,402387.00,1480,70.28,2.50,-1.85
26-July-2016,193.35,193.45,190.00,190.05,191.692841490138787436,2738,95,524855.00,1686,61.58,3.45,-3.30
25-July-2016,192.90,194.00,189.50,191.05,191.443968773608662805,3971,125,760224.00,2657,66.91,4.50,-1.85
22-July-2016,193.20,193.20,189.50,190.75,190.916793120890237733,3954,155,754885.00,2444,61.81,3.70,-2.45
21-July-2016,193.55,193.55,191.00,191.40,192.083491461100569259,1054,50,202456.00,580,55.03,2.55,-2.15
20-July-2016,192.95,194.75,191.10,191.95,192.830875975715524718,4612,167,889336.00,2239,48.55,3.65,-1.00
19-July-2016,192.00,194.55,186.50,190.80,190.610564225690276110,4165,151,793893.00,2472,59.35,8.05,-1.20
18-July-2016,193.45,195.85,191.55,193.15,193.517304189435336976,2196,75,424964.00,1033,47.04,4.30,-0.30
15-July-2016,197.00,200.40,191.10,192.00,194.438555091668179342,11018,342,2142324.00,6789,61.62,9.30,-5.00
14-July-2016,194.10,201.00,193.50,198.15,197.936713995943204868,4930,182,975828.00,2496,50.63,7.50,4.05
13-July-2016,196.95,197.00,193.75,194.50,195.129375951293759512,3942,162,769200.00,2184,55.40,3.25,-2.45
12-July-2016,198.00,202.95,194.00,196.40,198.884541195921741526,3629,127,721752.00,1244,34.28,8.95,-1.60
11-July-2016,198.50,203.40,196.25,199.60,200.212590891695369307,10452,387,2092622.00,4909,46.97,7.15,1.10
8-July-2016,196.95,200.00,194.85,199.10,197.600527139444856272,12141,392,2399068.00,5679,46.78,5.15,2.15
7-July-2016,192.00,198.10,190.30,196.65,194.819178472271659429,14047,369,2736625.00,8401,59.81,7.80,4.65
5-July-2016,193.25,193.25,190.60,191.85,191.777480270574971815,7096,196,1360853.00,3779,53.26,2.65,-1.40
4-July-2016,193.10,195.35,193.10,193.85,194.283707865168539325,4628,226,899145.00,1977,42.72,2.25,0.75
1-July-2016,196.50,196.50,193.50,194.40,194.741208791208791208,5460,148,1063287.00,2587,47.38,3.00,-2.10
30-June-2016,194.85,198.00,193.25,193.75,195.209803072927937675,9242,306,1804129.00,4328,46.83,4.75,-1.10
29-June-2016,199.70,200.45,191.10,193.60,195.005975790387660248,19579,411,3818022.00,11064,56.51,9.35,-6.10
28-June-2016,198.65,201.60,194.80,197.65,197.770178892407771976,11683,332,2310549.00,5702,48.81,6.80,-1.00
27-June-2016,190.70,199.90,190.70,198.70,196.621508909389612030,15826,457,3111732.00,9389,59.33,9.20,8.00
24-June-2016,191.00,194.00,183.35,192.30,189.351635322976287816,24460,619,4631541.00,12986,53.09,10.65,1.30
23-June-2016,192.00,194.85,187.70,191.45,190.830031464864234937,17162,459,3275025.00,4761,27.74,7.15,-0.55
22-June-2016,186.95,198.50,185.40,190.70,193.639720930232558139,86000,2026,16653016.00,12980,15.09,13.10,3.75
21-June-2016,185.15,186.90,184.45,186.10,185.887795765877957658,8030,279,1492679.00,2623,32.67,2.45,0.95
20-June-2016,183.00,187.50,181.05,186.55,185.174412393162393162,14976,361,2773172.00,8944,59.72,6.45,3.55
17-June-2016,192.00,193.50,179.75,183.60,184.008947052146624824,44931,1407,8267706.00,17203,38.29,13.75,-8.40
16-June-2016,192.00,193.30,191.00,191.45,191.922857142857142857,2800,142,537384.00,1336,47.71,2.30,-0.55
15-June-2016,195.00,195.45,191.50,192.45,193.085455179630275549,5734,131,1107152.00,3280,57.20,3.95,-2.55
14-June-2016,194.95,195.00,191.10,192.45,193.147994467496542185,9399,256,1815398.00,4795,51.02,3.90,-2.50
13-June-2016,194.00,194.55,192.60,193.10,193.743024010382868267,3082,54,597116.00,2185,70.90,1.95,-0.90
10-June-2016,196.90,196.90,194.00,194.85,194.973863326980669752,3673,87,716139.00,2524,68.72,2.90,-2.05
9-June-2016,196.40,198.00,195.05,195.90,195.926960257787325456,3724,214,729632.00,2007,53.89,2.95,-0.50
8-June-2016,194.25,201.00,193.50,196.75,198.081846646763270953,13733,735,2720258.00,5239,38.15,7.50,2.50
7-June-2016,195.60,196.95,194.05,194.35,195.065290554184428988,4457,257,869406.00,2200,49.36,2.90,-1.25
6-June-2016,195.00,199.00,194.55,195.30,196.356404136833731105,3771,251,740460.00,1583,41.98,4.45,0.30
3-June-2016,196.75,197.55,194.00,194.40,195.198521138080694422,6221,360,1214330.00,2914,46.84,3.55,-2.35
2-June-2016,197.00,198.70,195.00,196.65,197.217821782178217821,2727,178,537813.00,1065,39.05,3.70,-0.35
1-June-2016,194.50,200.30,194.50,196.85,197.113490138171079000,9481,380,1868833.00,5590,58.96,5.80,2.35
31-May-2016,199.00,200.50,193.35,195.20,197.318527299351509657,14341,499,2829745.00,7846,54.71,7.15,-3.80
30-May-2016,200.20,201.45,197.60,198.60,199.265077645359335500,8307,228,1655295.00,4077,49.08,3.85,-1.60
27-May-2016,200.35,201.65,197.50,198.80,199.541178543116356910,11353,333,2265391.00,4201,37.00,4.15,-1.55
26-May-2016,201.80,202.20,197.20,199.30,200.046606833569516611,12702,313,2540992.00,5776,45.47,5.00,-2.50
25-May-2016,201.85,203.55,198.55,199.75,200.923553719008264462,14520,546,2917410.00,4955,34.13,5.00,-2.10
24-May-2016,200.00,200.85,197.00,198.20,198.444189602446483180,13080,222,2595650.00,8770,67.05,3.85,-1.80
23-May-2016,201.80,205.00,198.45,199.25,201.609664667393675027,14672,461,2958017.00,3711,25.29,6.55,-2.55
20-May-2016,203.05,209.70,196.40,198.40,204.252026889386840497,73635,2487,15040098.00,12138,16.48,13.30,-4.65
19-May-2016,208.00,208.00,199.00,199.95,202.256512674201689893,45565,1281,9215818.00,10584,23.23,9.00,-8.05
18-May-2016,190.90,217.15,189.85,209.25,208.809721652115066730,180278,4607,37643799.00,26627,14.77,27.30,18.35
17-May-2016,190.50,193.65,190.00,191.10,191.984884447220487195,8005,319,1536839.00,3030,37.85,3.65,0.60
16-May-2016,189.55,192.45,188.40,190.90,190.718576762077158049,17678,609,3371523.00,6483,36.67,4.05,1.35
13-May-2016,189.50,192.00,186.00,187.40,189.607249886121167078,41711,1314,7908708.00,12718,30.49,6.00,-2.10
12-May-2016,193.75,199.05,192.95,197.75,197.224734271760988221,34810,1385,6865393.00,6362,18.28,6.10,4.00
11-May-2016,194.50,198.50,192.00,192.70,195.096612226881483116,18124,750,3535931.00,5080,28.03,6.50,-1.80
10-May-2016,202.15,207.50,194.50,198.10,202.191620656057161416,21553,849,4357836.00,7793,36.16,13.00,-4.05
9-May-2016,198.50,204.80,197.00,202.45,202.193798695128903528,31574,1130,6384067.00,7074,22.40,7.80,3.95
6-May-2016,194.95,206.65,194.40,197.15,200.815092044630534958,85502,2889,17170092.00,11208,13.11,12.25,2.20
5-May-2016,194.90,197.00,193.85,195.40,195.367200622721127452,24409,717,4768718.00,12785,52.38,3.15,0.50
4-May-2016,194.65,198.30,194.05,195.25,195.958917439562110384,32885,1002,6444109.00,14091,42.85,4.25,0.60
3-May-2016,195.25,197.00,194.50,195.25,195.997615523762539056,12162,513,2383723.00,4913,40.40,2.50,0.00
2-May-2016,192.90,197.30,192.00,195.20,195.554573625616894295,8713,412,1703867.00,3581,41.10,5.30,2.30
29-April-2016,193.00,195.60,191.50,194.35,193.815286624203821656,10833,497,2099601.00,5315,49.06,4.10,1.35
28-April-2016,192.35,196.20,190.70,193.95,193.272838188195821259,13114,575,2534580.00,5619,42.85,5.50,1.60
27-April-2016,192.25,196.00,188.85,191.10,193.212248737498762253,20198,752,3902501.00,8894,44.03,7.15,-1.15
26-April-2016,192.05,193.55,190.55,191.65,191.751768551495340781,20497,638,3930336.00,9031,44.06,3.00,-0.40
25-April-2016,195.90,195.90,191.55,192.85,193.172499072585631260,8087,367,1562186.00,3215,39.76,4.35,-3.05
22-April-2016,195.50,198.00,194.10,194.85,195.647363872082973206,6942,391,1358184.00,3187,45.91,3.90,-0.65
21-April-2016,198.00,198.35,195.35,196.30,196.300294085611589151,9181,392,1802233.00,4297,46.80,3.00,-1.70
20-April-2016,196.90,198.55,193.85,196.20,196.265422037832765347,20247,622,3973786.00,8683,42.89,4.70,-0.70
18-April-2016,196.30,200.30,194.05,195.60,197.080067313227934989,22581,627,4450265.00,11653,51.61,6.25,-0.70
13-April-2016,198.90,199.60,194.55,196.95,197.274791948509818390,24393,714,4812124.00,9535,39.09,5.05,-1.95
12-April-2016,190.00,197.40,189.25,195.70,194.822367308277798450,29561,1000,5759144.00,9885,33.44,8.15,5.70
11-April-2016,190.30,192.50,188.15,189.55,190.103158961653246241,17759,743,3376042.00,6842,38.53,4.35,-0.75
8-April-2016,186.00,194.00,183.70,192.60,188.528312296471728072,74314,2378,14010293.00,35015,47.12,10.30,6.60
7-April-2016,179.80,188.60,178.50,182.85,184.353526861513607965,60663,2065,11183438.00,15610,25.73,10.10,3.05
6-April-2016,181.75,181.85,175.70,178.90,178.111304720799935662,74606,1396,13288172.00,38595,51.73,6.15,-2.85
5-April-2016,187.70,188.00,179.50,180.45,183.329865405602037104,41235,490,7559607.00,30727,74.52,8.50,-7.25
4-April-2016,190.90,193.00,180.10,186.25,186.303420570685886453,33854,1239,6307116.00,10731,31.70,12.90,-4.65
1-April-2016,190.15,192.15,188.00,189.55,189.717978762358110582,13655,428,2590599.00,5079,37.20,4.15,-0.60
31-March-2016,194.95,196.90,186.95,190.15,193.066058928862119485,30715,756,5930024.00,4499,14.65,9.95,-4.80
30-March-2016,186.90,194.85,186.90,192.60,192.050500863557858376,14475,654,2779931.00,6099,42.13,7.95,5.70
29-March-2016,188.90,192.40,186.20,186.75,188.814321726800063021,25388,645,4793618.00,12948,51.00,6.20,-2.15
28-March-2016,201.00,204.00,180.30,192.35,191.402395281928911777,132427,3312,25346845.00,23522,17.76,23.70,-8.65
23-March-2016,213.40,214.90,196.00,199.15,202.289021043000914913,32790,902,6633057.00,13959,42.57,18.90,-14.25
22-March-2016,213.05,213.70,210.95,212.95,211.959105219028333676,63211,440,13398147.00,55940,88.50,2.75,-0.10
21-March-2016,215.10,215.20,213.00,213.70,213.646165569041528329,36746,456,7850642.00,31865,86.72,2.20,-1.40
18-March-2016,215.60,216.00,214.20,214.80,214.918101252928593256,9817,197,2109851.00,7682,78.25,1.80,-0.80
17-March-2016,216.00,216.00,214.80,215.30,215.024543336489462429,93997,321,20211662.00,91460,97.30,1.20,-0.70
16-March-2016,214.65,215.80,213.40,214.90,214.929000462036038811,51944,567,11164272.00,41115,79.15,2.40,0.25
15-March-2016,213.50,214.50,213.15,214.25,213.622217341512009161,63743,808,13616921.00,44067,69.13,1.35,0.75
14-March-2016,213.25,213.90,212.30,213.55,213.264027682486650956,33523,364,7149250.00,28706,85.63,1.60,0.30
11-March-2016,213.40,213.70,212.65,212.80,212.985681831768996233,33454,382,7125223.00,28091,83.97,1.05,-0.60
10-March-2016,212.45,213.90,212.45,213.15,213.261718505538519306,31958,374,6815418.00,23957,74.96,1.45,0.70
9-March-2016,212.05,213.00,212.00,212.15,212.148171888621096354,39002,362,8274203.00,32407,83.09,1.00,0.10
8-March-2016,212.00,212.80,211.70,212.40,212.243876675249224268,30294,473,6429716.00,19555,64.55,1.10,0.40
4-March-2016,211.50,213.05,211.05,211.50,211.886112933970813412,64002,1226,13561135.00,37698,58.90,2.00,0.00
3-March-2016,209.40,210.65,209.30,210.20,209.986578711907226442,56999,287,11969025.00,40778,71.54,1.35,0.80
2-March-2016,210.00,211.00,208.30,209.45,209.417322555484648656,28206,527,5906825.00,13233,46.92,2.70,-0.55
1-March-2016,211.90,217.00,208.00,209.40,213.083690408341128091,48117808,5115,10253120103.00,47763142,99.26,9.00,-2.50
29-February-2016,210.10,211.50,209.10,209.85,210.260255638091414040,14943,423,3141919.00,8971,60.03,2.40,-0.25
26-February-2016,210.50,211.90,210.35,210.75,210.923236801995288901,28868,490,6088932.00,20166,69.86,1.55,0.25
25-February-2016,208.65,210.55,208.50,210.00,209.792546928032139641,28874,263,6057550.00,25130,87.03,2.05,1.35
24-February-2016,209.80,211.00,208.40,209.85,209.921054658416985443,38951,483,8176635.00,28586,73.39,2.60,0.05
23-February-2016,206.70,209.00,206.70,207.65,207.843947626258127727,89816,810,18667712.00,54899,61.12,2.30,0.95
22-February-2016,208.00,209.05,207.35,208.95,208.160066068546116595,53278,1128,11090352.00,44244,83.04,1.70,0.95
19-February-2016,207.05,209.05,206.05,207.90,208.103354288477601441,22747,553,4733727.00,12669,55.70,3.00,0.85
18-February-2016,210.00,210.70,209.10,210.00,209.928297933374075506,80179,2297,16831841.00,71033,88.59,1.60,0.00
17-February-2016,210.00,210.50,208.00,209.70,209.385611225472606749,105902,2279,22174355.00,72813,68.76,2.50,-0.30
16-February-2016,211.25,211.40,209.35,210.00,209.968930416286842904,52656,1652,11056124.00,38711,73.52,2.05,-1.25
15-February-2016,206.05,211.10,206.05,210.55,209.882683776932826362,25248,1402,5299118.00,17381,68.84,5.05,4.50
12-February-2016,206.20,209.80,205.85,209.25,207.511135015210850967,59497,494,12346290.00,43259,72.71,3.95,3.05
11-February-2016,210.30,210.95,204.10,207.05,209.367248517569268566,65939,568,13805467.00,56186,85.21,6.85,-3.25
10-February-2016,211.20,211.50,210.50,210.75,210.968196793323083681,22765,223,4802691.00,18624,81.81,1.00,-0.45
9-February-2016,210.50,212.00,210.50,211.35,211.259261057435548866,20597,186,4351307.00,16568,80.44,1.50,0.85
8-February-2016,213.00,214.00,210.30,211.90,212.046020182550031180,70556,1047,14961119.00,18373,26.04,3.70,-1.10
5-February-2016,212.00,213.70,210.60,213.05,212.277577121203149979,50667,1285,10755468.00,36052,71.15,3.10,1.05
4-February-2016,212.60,213.00,211.00,212.00,212.084212740595309048,28523,201,6049278.00,25148,88.17,2.00,-0.60
3-February-2016,213.05,213.65,211.15,212.60,212.766572348869076219,56193,1796,11955992.00,48158,85.70,2.50,-0.45
2-February-2016,213.90,213.90,212.65,213.05,213.089445895310548427,35228,785,7506715.00,28645,81.31,1.25,-0.85
1-February-2016,215.00,215.00,213.10,213.55,213.535094448173362738,20858,313,4453915.00,16265,77.98,1.90,-1.45
29-January-2016,213.00,214.35,212.45,213.55,213.505721220527045769,17304,358,3694503.00,9629,55.65,1.90,0.55
28-January-2016,213.60,214.85,210.05,213.95,212.943142799434457685,19804,245,4217126.00,11087,55.98,4.80,0.35
27-January-2016,213.65,214.00,212.75,213.15,213.268152620468937966,44057,665,9395955.00,38032,86.32,1.25,-0.50
25-January-2016,214.05,214.05,211.75,213.20,213.201427898380023919,27593,2143,5882867.00,16423,59.52,2.30,-0.85
22-January-2016,213.00,214.00,211.35,211.95,212.605728350861490266,17876,2012,3800540.00,9522,53.27,2.65,-1.05
21-January-2016,212.40,213.60,211.80,213.00,212.870047978067169294,51065,2096,10870209.00,39204,76.77,1.80,0.60
20-January-2016,211.50,212.50,210.20,210.50,210.720364384366735233,119105,952,25097849.00,74808,62.81,2.30,-1.00
19-January-2016,211.50,213.00,211.00,212.20,211.937808520672850180,31805,521,6740682.00,15353,48.27,2.00,0.70
18-January-2016,213.50,213.80,210.25,212.00,212.743384015782129625,166264,10128,35371566.00,122255,73.53,3.55,-1.50
15-January-2016,213.50,214.10,210.50,213.10,213.102920890617043929,108015,3056,23018312.00,82736,76.60,3.60,-0.40
14-January-2016,212.10,214.00,211.00,211.60,212.435157444753481134,111817,1917,23753862.00,96522,86.32,3.00,-0.50
13-January-2016,214.20,215.35,211.10,214.05,213.118334013070855176,100529,2731,21424573.00,42119,41.90,4.25,-0.15
12-January-2016,214.95,215.50,213.45,214.40,214.377907922563852285,24588,993,5271124.00,14587,59.33,2.05,-0.55
11-January-2016,212.80,214.95,212.00,213.55,213.729694679116644434,26988,898,5768137.00,9210,34.13,2.95,0.75
8-January-2016,212.95,214.45,212.35,212.90,213.071103134060472180,21729,819,4629822.00,10878,50.06,2.10,-0.05
7-January-2016,212.25,214.40,210.30,212.85,212.430414778427370533,57814,1177,12281452.00,39070,67.58,4.10,0.60
6-January-2016,212.60,216.70,211.45,214.05,213.834808788215476147,83703,1890,17898615.00,39337,47.00,5.25,1.45
5-January-2016,212.55,213.30,211.20,212.55,212.497971602434077079,46342,693,9847581.00,30118,64.99,2.10,0.00
4-January-2016,211.30,213.40,210.50,212.65,211.877425720863940357,36484,1038,7730136.00,21822,59.81,2.90,1.35
1-January-2016,211.00,213.25,209.35,210.85,211.799243643385902800,37284,813,7896723.00,11467,30.76,3.90,-0.15
31-December-2015,211.90,212.30,209.55,210.50,211.323837813753156096,33665,704,7114217.00,14369,42.68,2.75,-1.40
30-December-2015,212.60,213.65,210.45,210.90,211.932052054148883244,38191,849,8093897.00,13140,34.41,3.20,-1.70
29-December-2015,210.05,214.50,210.05,211.30,212.365690724285622962,62572,1129,13288146.00,22660,36.21,4.45,1.25
28-December-2015,211.70,211.80,209.50,211.10,210.797519090563560346,28941,572,6100691.00,16807,58.07,2.30,-0.60
24-December-2015,208.05,211.50,208.05,210.45,210.286921881072677808,41168,561,8657092.00,28522,69.28,3.45,2.40
23-December-2015,208.80,211.00,208.25,209.65,209.298077759415499695,68982,1488,14437800.00,27747,40.22,2.75,0.85
22-December-2015,208.55,208.95,207.05,208.20,208.050813974757636729,27335,405,5687069.00,17670,64.64,1.90,-0.35
21-December-2015,207.95,209.70,207.00,208.30,208.152159515112591819,99652,795,20742779.00,60023,60.23,2.70,0.35
18-December-2015,205.95,207.95,205.50,207.40,206.860286310975254051,85711,784,17730202.00,59526,69.45,2.45,1.45
17-December-2015,205.75,206.95,205.20,205.85,205.907818429154435455,27934,624,5751829.00,20972,75.08,1.75,0.10
16-December-2015,205.20,206.00,204.95,205.60,205.459877754724387371,35666,327,7327932.00,22852,64.07,1.05,0.40
15-December-2015,205.10,206.90,205.00,205.50,205.933401459854014598,34250,562,7053219.00,17645,51.52,1.90,0.40
14-December-2015,204.25,206.00,204.25,205.10,205.011449263228399196,47776,419,9794627.00,38048,79.64,1.75,0.85
11-December-2015,204.35,205.00,204.20,204.45,204.332689584138019827,23301,400,4761156.00,18946,81.31,0.80,0.10
10-December-2015,206.00,208.00,204.00,204.30,204.286178294365554451,37253,444,7610273.00,30591,82.12,4.00,-1.70
9-December-2015,204.40,204.70,204.00,204.35,204.206797273148454563,60436,407,12341442.00,46442,76.84,0.70,-0.05
8-December-2015,206.45,206.45,204.05,204.40,204.811357265126894738,40309,655,8255741.00,26983,66.94,2.40,-2.05
7-December-2015,204.40,205.80,204.05,204.95,204.863725947824282972,38562,349,7899955.00,26529,68.80,1.75,0.55
4-December-2015,204.00,204.95,203.50,204.15,204.171666266698664106,25002,404,5104700.00,16651,66.60,1.45,0.15
3-December-2015,204.65,205.95,204.05,204.25,204.496435126358887477,28332,495,5793793.00,11533,40.71,1.90,-0.40
2-December-2015,205.70,205.90,204.30,205.40,205.048714642598114271,24818,452,5088899.00,12134,48.89,1.60,-0.30
1-December-2015,204.00,206.35,204.00,205.05,204.641620453539535004,38409,788,7860080.00,21163,55.10,2.35,1.05
30-November-2015,206.45,206.60,203.70,203.95,204.219703095184190950,30919,560,6314269.00,14837,47.99,2.90,-2.50
27-November-2015,201.50,208.25,201.10,206.50,204.605854236590062538,276791,4395,56633059.00,140665,50.82,7.15,5.00
26-November-2015,204.50,204.75,202.95,203.15,203.409851811196487376,43728,990,8894706.00,26849,61.40,1.80,-1.35
24-November-2015,203.00,206.50,202.60,203.15,204.073404956164800081,78932,1429,16107922.00,33404,42.32,3.90,0.15
23-November-2015,203.20,204.00,202.50,203.00,203.112979683972911963,62020,1194,12597067.00,35457,57.17,1.50,-0.20
20-November-2015,203.40,203.90,201.65,202.25,202.463671051072401943,210975,2096,42714773.00,141146,66.90,2.25,-1.15
19-November-2015,204.00,204.70,202.60,203.75,203.503277017186134576,54928,1222,11178028.00,30333,55.22,2.10,-0.25
18-November-2015,201.60,204.55,201.60,203.10,203.204240729996307822,94795,2159,19262746.00,49328,52.04,2.95,1.50
17-November-2015,203.00,204.80,201.10,201.60,202.860896466965206458,70789,1718,14360320.00,27766,39.22,3.70,-1.40
16-November-2015,199.95,202.75,199.05,201.20,200.834893767600961325,67823,1900,13621225.00,26367,38.88,3.70,1.25
13-November-2015,201.50,202.40,198.40,200.05,199.808670752226733147,388686,1610,77662833.00,310565,79.90,4.00,-1.45
11-November-2015,204.30,204.30,201.85,202.55,202.644261076800861030,117069,270,23723361.00,111428,95.18,2.45,-1.75
10-November-2015,206.00,206.70,201.45,201.90,203.905721379310344827,181250,2176,36957912.00,109446,60.38,5.25,-4.10
9-November-2015,201.00,207.90,200.45,204.35,204.629877757345495491,370329,2440,75780378.00,252404,68.16,7.45,3.35
6-November-2015,207.05,210.80,202.25,203.95,206.693308089916996995,512873,7972,106007417.00,176000,34.32,8.55,-3.10
5-November-2015,209.00,209.00,199.00,204.50,203.729780994928824002,384329,4853,78299263.00,169274,44.04,10.00,-4.50
4-November-2015,203.50,211.00,203.20,206.60,207.969039368178961480,513943,6879,106884232.00,109814,21.37,7.80,3.10
3-November-2015,199.50,207.20,195.65,202.75,203.527867531248541079,406979,6625,82831568.00,87322,21.46,11.55,3.25
2-November-2015,193.85,199.50,192.35,198.30,196.616726310185732875,135248,2210,26592019.00,41023,30.33,7.15,4.45
30-October-2015,199.50,200.90,190.20,192.35,195.391483350487755076,239977,3665,46889462.00,58532,24.39,10.70,-7.15
29-October-2015,199.90,203.80,193.30,193.75,199.185235562214623816,238939,4053,47593121.00,63342,26.51,10.50,-6.15
28-October-2015,193.50,199.90,192.70,198.10,197.151261247971677238,169475,2718,33412210.00,46336,27.34,7.20,4.60
27-October-2015,195.55,196.35,192.00,192.75,193.897913192409969802,66561,1120,12906039.00,21243,31.92,4.35,-2.80
26-October-2015,194.00,201.20,191.00,195.40,195.931612106520918851,174914,3093,34271182.00,48609,27.79,10.20,1.40
23-October-2015,196.00,197.50,193.05,193.70,194.661171437973017439,60780,828,11831506.00,28942,47.62,4.45,-2.30
21-October-2015,194.75,198.25,193.05,195.15,195.217432566097254524,74814,1296,14604997.00,20386,27.25,5.20,0.40
20-October-2015,193.80,196.00,193.00,194.75,194.647936919625531270,105643,1593,20563192.00,38781,36.71,3.00,0.95
19-October-2015,193.00,194.00,191.00,192.20,192.533454316858223914,84309,1236,16232303.00,40696,48.27,3.00,-0.80
16-October-2015,195.00,197.00,191.50,192.80,192.964687264038726093,96679,2764,18655633.00,41881,43.32,5.50,-2.20
15-October-2015,196.00,202.00,193.35,194.85,196.911843709517640783,314952,5534,62017779.00,74299,23.59,8.65,-1.15
14-October-2015,190.00,196.00,188.25,189.95,191.999242130168764672,162297,2905,31160901.00,35463,21.85,7.75,-0.05
13-October-2015,187.55,194.50,187.55,189.85,190.984129449034101496,96594,1717,18447921.00,24360,25.22,6.95,2.30
12-October-2015,189.90,194.80,185.40,190.25,191.156110505270810614,137550,2528,26293523.00,32126,23.36,9.40,0.35
9-October-2015,184.50,191.45,184.00,188.05,186.910629385983431432,118417,1528,22133396.00,37689,31.83,7.45,3.55
8-October-2015,186.75,187.85,182.75,183.60,184.683536551416958966,53883,1170,9951303.00,22249,41.29,5.10,-3.15
7-October-2015,188.25,189.45,185.40,186.70,187.274948107935494172,68893,1688,12901933.00,27233,39.53,4.05,-1.55
6-October-2015,187.90,190.80,185.75,186.80,188.025434914117064765,109102,2315,20513951.00,42915,39.33,5.05,-1.10
5-October-2015,190.00,192.90,185.25,185.90,188.579086225443016475,88315,2039,16654362.00,37543,42.51,7.65,-4.10
1-October-2015,199.30,199.35,189.05,191.15,192.596441150288346170,103348,2066,19904457.00,40385,39.08,10.30,-8.15
30-September-2015,195.00,198.55,195.00,197.30,196.706251091860118588,97311,1658,19141682.00,27816,28.58,3.55,2.30
29-September-2015,190.00,196.50,187.00,194.40,192.300430835113321588,192417,3435,37001872.00,31236,16.23,9.50,4.40
28-September-2015,199.00,203.80,190.90,192.20,197.985579020160646842,187990,3317,37219309.00,60754,32.32,12.90,-6.80
24-September-2015,193.05,199.60,193.05,196.70,196.792929345888471782,190732,3574,37534709.00,48838,25.61,6.55,3.65
23-September-2015,186.00,196.85,184.30,193.05,193.090765782961542434,222661,3980,42993783.00,53497,24.03,12.55,7.05
22-September-2015,186.35,194.85,183.55,186.90,189.847197523546071263,364392,7258,69178800.00,88942,24.41,11.30,0.55
21-September-2015,168.50,186.75,166.15,183.85,179.560762526966071778,326336,5640,58597141.00,55959,17.15,20.60,15.35
18-September-2015,166.65,172.50,166.65,170.15,169.895634926422331442,68567,1190,11649234.00,24013,35.02,5.85,3.50
16-September-2015,165.10,167.60,163.80,164.80,165.419143176602130288,33986,1073,5621935.00,15837,46.60,3.80,-0.30
15-September-2015,168.50,169.25,162.70,163.35,165.316807884141578030,49923,911,8253111.00,22520,45.11,6.55,-5.15
14-September-2015,161.20,169.75,161.20,168.60,167.604473840021950409,69247,1382,11606107.00,20969,30.28,8.55,7.40
11-September-2015,163.00,167.75,163.00,164.25,165.641945773524720893,92796,1345,15370910.00,24198,26.08,4.75,1.25
10-September-2015,161.00,163.00,158.65,161.90,160.842661436238957563,65769,967,10578461.00,22978,34.94,4.35,0.90
9-September-2015,162.85,167.60,162.25,164.30,164.398676031898836476,84141,1238,13832669.00,26084,31.00,5.35,1.45
8-September-2015,159.60,162.70,152.00,159.55,158.816130863981829300,91576,1252,14543746.00,36207,39.54,10.70,-0.05
7-September-2015,162.40,165.80,157.65,158.80,161.867464886539280034,89282,1113,14451851.00,23261,26.05,8.15,-3.60
4-September-2015,166.15,167.40,158.90,162.50,162.764357776127877014,91588,1347,14907262.00,32414,35.39,8.50,-3.65
3-September-2015,168.00,171.50,167.50,168.00,169.015115489130434782,76544,1221,12937093.00,22500,29.39,4.00,0.00
2-September-2015,167.80,169.10,165.05,166.30,166.860345094121983993,84093,1068,14031787.00,25223,29.99,4.05,-1.50
1-September-2015,164.95,169.70,161.30,164.65,165.811406211153268259,92511,1546,15339379.00,32831,35.49,8.40,-0.30
31-August-2015,167.75,172.00,166.80,167.65,168.421110402945966999,84726,1347,14269647.00,33813,39.91,5.20,-0.10
28-August-2015,178.00,179.95,165.80,167.00,171.920632423503500353,165269,2597,28413151.00,64743,39.17,14.15,-11.00
27-August-2015,170.90,178.20,170.90,175.10,174.088380169694052111,116327,1695,20251179.00,50297,43.24,7.30,4.20
26-August-2015,165.55,174.80,161.30,167.95,170.162627775556603154,167579,2771,28515683.00,38179,22.78,13.50,2.40
25-August-2015,164.00,170.00,147.50,168.80,162.013100266331889963,281979,4472,45684292.00,94251,33.42,22.50,4.80
24-August-2015,174.35,179.50,155.40,158.20,167.831599588294881756,245807,3381,41254182.00,117603,47.84,24.10,-16.15
21-August-2015,191.00,191.00,179.00,184.55,184.660006251750693173,246331,3729,45487484.00,91756,37.25,12.00,-6.45
20-August-2015,196.05,197.40,190.00,191.65,193.256701388059344912,167428,2537,32356583.00,46657,27.87,7.40,-4.40
19-August-2015,198.15,204.75,195.00,196.50,199.558995316026017863,210932,4477,42093378.00,72319,34.29,9.75,-1.65
18-August-2015,198.75,203.50,197.00,197.55,199.701280129020877694,158734,2524,31699383.00,51766,32.61,6.50,-1.20
17-August-2015,205.00,205.00,195.85,196.80,200.137660556596200160,179376,2694,35899893.00,61914,34.52,9.15,-8.20
14-August-2015,195.95,205.15,192.60,203.35,200.523212898212898212,216216,3549,43356327.00,59587,27.56,12.55,7.40
13-August-2015,203.40,206.80,192.75,195.20,200.258491467200617227,217748,3936,43605886.00,65734,30.19,14.05,-8.20
12-August-2015,207.00,212.00,200.70,201.90,205.828625978998085736,400154,6891,82363148.00,124796,31.19,11.30,-5.10
11-August-2015,220.00,224.00,206.50,208.15,217.277035262287557729,910718,14479,197878107.00,272117,29.88,17.50,-11.85
10-August-2015,201.00,211.00,199.60,207.95,205.796312361180702528,267434,4021,55036931.00,95962,35.88,11.40,6.95
7-August-2015,205.25,208.00,197.50,199.60,201.549460923619146288,413114,5723,83262904.00,134839,32.64,10.50,-5.65
6-August-2015,211.85,217.40,201.50,203.70,209.952187391466536319,621928,8998,130575144.00,113384,18.23,15.90,-8.15
5-August-2015,203.90,215.00,203.80,211.20,210.928483664896884817,400426,4567,84461249.00,170163,42.50,11.20,7.30
4-August-2015,208.00,209.00,198.05,202.45,202.393243468131136628,126189,2634,25539801.00,33293,26.38,10.95,-5.55
3-August-2015,196.00,208.50,194.80,207.10,203.617763581884145417,389471,6489,79303214.00,123518,31.71,13.70,11.10
31-July-2015,195.00,197.00,190.70,191.55,193.399759597325520246,133110,1970,25743442.00,39124,29.39,6.30,-3.45
30-July-2015,194.60,195.80,189.50,193.20,192.622433566924846760,113874,2118,21934687.00,45700,40.13,6.30,-1.40
29-July-2015,188.60,197.65,188.50,191.40,193.038476406774746913,248334,3838,47938017.00,75752,30.50,9.15,2.80
28-July-2015,198.50,200.90,187.00,188.25,192.495463700364012638,162357,2961,31252986.00,64206,39.55,13.90,-10.25
27-July-2015,202.00,204.35,195.00,195.95,198.470338326446280991,154880,2505,30739086.00,50802,32.80,9.35,-6.05
24-July-2015,211.50,212.00,200.00,202.00,204.365224549108333563,217458,3937,44440853.00,63115,29.02,12.00,-9.50
23-July-2015,196.00,213.00,195.25,211.15,206.656583412865170587,795279,11774,164349641.00,196248,24.68,17.75,15.15
22-July-2015,185.10,195.55,185.10,193.20,190.142129209024737951,278479,5301,52950590.00,61449,22.07,10.45,8.10
21-July-2015,193.00,196.00,184.00,185.50,190.199146580103012493,152797,3141,29061859.00,50756,33.22,12.00,-7.50
20-July-2015,182.60,197.00,179.80,192.40,190.533257752823790296,501011,7420,95459258.00,132464,26.44,17.20,9.80
17-July-2015,182.65,183.60,179.75,180.95,181.824852942896235572,85511,1686,15548025.00,24240,28.35,3.85,-1.70
16-July-2015,177.00,184.50,177.00,181.75,182.093102540561016481,155753,2948,28361547.00,41681,26.76,7.50,4.75
15-July-2015,176.15,183.30,173.95,178.15,179.700666999175618996,386957,5927,69536431.00,136043,35.16,9.35,2.00
14-July-2015,165.40,182.55,165.00,174.70,174.861240505801334689,431711,5798,75489521.00,127355,29.50,17.55,9.30
13-July-2015,164.90,168.00,164.90,167.20,166.697483042385428502,87129,1445,14524185.00,39955,45.86,3.10,2.30
10-July-2015,163.80,165.80,162.50,163.60,164.253357531760435571,68875,1428,11312950.00,30281,43.97,3.30,-0.20
9-July-2015,163.00,165.10,161.30,161.95,163.437045446482420974,56374,1198,9213600.00,18462,32.75,3.80,-1.05
8-July-2015,163.65,164.70,161.00,161.80,162.541488935256087407,97291,1887,15813824.00,36337,37.35,3.70,-1.85
7-July-2015,166.50,169.95,162.40,164.20,165.061141216066949956,153906,2229,25403900.00,65123,42.31,7.55,-2.30
6-July-2015,159.90,165.70,159.45,165.30,163.530877798001085672,62634,1311,10242593.00,18094,28.89,6.25,5.40
3-July-2015,166.00,169.40,162.00,162.55,165.228677892330695224,127743,2459,21106807.00,48472,37.94,7.40,-3.45
2-July-2015,159.20,168.70,159.20,165.15,165.167396887747393866,191951,3840,31704047.00,56215,29.29,9.50,5.95
1-July-2015,157.10,161.60,157.10,160.05,159.566732037245788230,64759,1508,10333382.00,23455,36.22,4.50,2.95
30-June-2015,157.00,161.80,157.00,157.75,158.824002463054187192,81200,2096,12896509.00,30642,37.74,4.80,0.75
29-June-2015,158.10,162.90,153.25,156.95,157.547109147841646164,71536,1873,11270290.00,25734,35.97,9.65,-1.15
26-June-2015,163.30,167.40,161.80,162.35,164.290994597535854483,77187,1088,12681129.00,35259,45.68,5.60,-0.95
25-June-2015,163.90,164.60,160.25,163.00,162.474891306848243656,43471,1035,7062946.00,16024,36.86,4.35,-0.90
24-June-2015,169.70,170.10,162.50,163.00,165.226949371125871895,72113,1313,11915011.00,32861,45.57,7.60,-6.70
23-June-2015,174.00,175.00,168.05,168.65,169.765698521757235061,96060,2242,16307693.00,39140,40.75,6.95,-5.35
22-June-2015,165.95,173.50,164.95,171.40,169.858793962813620071,142848,2131,24263989.00,70295,49.21,8.55,5.45
19-June-2015,165.80,168.10,163.70,164.40,165.261081543786519781,53738,1439,8880800.00,28276,52.62,4.40,-1.40
18-June-2015,162.00,167.50,162.00,166.05,165.416461098138537328,136613,2942,22598039.00,37885,27.73,5.50,4.05
17-June-2015,155.60,163.90,155.60,159.75,160.593649537164181515,123802,2614,19881815.00,43048,34.77,8.30,4.15
16-June-2015,158.10,159.00,151.00,156.20,154.828466809152627608,127264,3150,19704090.00,40912,32.15,8.00,-1.90
15-June-2015,161.00,164.65,158.40,159.45,161.845551576434239168,85446,2388,13829055.00,41427,48.48,6.25,-1.55
12-June-2015,171.75,171.75,159.95,160.70,164.173236578316216714,113827,2041,18687347.00,49659,43.63,11.80,-11.05
11-June-2015,172.80,175.90,168.10,169.25,172.024666542332373196,144771,2348,24904183.00,46510,32.13,7.80,-3.55
10-June-2015,173.75,173.75,168.10,171.05,170.959432579075653010,107081,1960,18306507.00,45485,42.48,5.65,-2.70
9-June-2015,180.25,187.50,180.10,182.80,183.427322964955916652,206654,2940,37905990.00,74184,35.90,7.40,2.55
8-June-2015,188.00,188.00,181.00,182.95,183.936608031861931629,123533,2374,22722241.00,45409,36.76,7.00,-5.05
5-June-2015,184.30,191.30,183.55,185.70,188.392258398404797783,328485,5664,61884031.00,93494,28.46,7.75,1.40
4-June-2015,177.90,185.80,177.00,183.55,182.779706897267204862,313269,5308,57259216.00,78462,25.05,8.80,5.65
3-June-2015,177.50,182.00,172.45,175.60,177.464472578295863091,227247,3716,40328269.00,70230,30.90,9.55,-1.90
2-June-2015,176.70,183.90,175.25,176.30,179.064567973615050467,441767,5413,79104817.00,150541,34.08,8.65,-0.40
1-June-2015,174.95,176.50,174.00,174.55,175.267888200279254341,81646,802,14309922.00,48446,59.34,2.50,-0.40
29-May-2015,174.00,178.00,173.25,174.25,175.555422067013510624,98219,1642,17242878.00,48431,49.31,4.75,0.25
28-May-2015,173.85,176.75,172.85,174.55,174.752548198191553700,135586,1409,23693999.00,65552,48.35,3.90,0.70
27-May-2015,168.55,174.35,168.55,173.30,172.945830075465399246,113827,1477,19685905.00,67241,59.07,5.80,4.75
26-May-2015,171.55,173.90,170.00,171.25,171.246645926502041609,61716,997,10568658.00,27787,45.02,3.90,-0.30
25-May-2015,174.90,174.90,171.05,171.80,172.150541059724112633,103593,1585,17833591.00,54597,52.70,3.85,-3.10
22-May-2015,173.70,176.70,171.50,174.00,174.164608536454033097,111428,1413,19406814.00,57640,51.73,5.20,0.30
21-May-2015,175.85,176.00,171.10,172.45,173.010233960795758548,102795,1383,17784587.00,51783,50.38,4.90,-3.40
20-May-2015,173.65,177.50,173.65,176.15,176.039340038995136166,142069,2088,25009733.00,71878,50.59,3.85,2.50
19-May-2015,176.85,177.35,171.35,172.20,174.448966344083884771,150969,1360,26336386.00,88031,58.31,6.00,-4.65
18-May-2015,171.85,179.40,171.85,175.85,176.234001366431336825,272242,3267,47978297.00,128394,47.16,7.55,4.00
15-May-2015,170.15,174.20,168.05,170.80,171.735787842086437029,159353,2200,27366613.00,68471,42.97,6.15,0.65
14-May-2015,169.15,170.80,166.75,170.05,169.524749782419495213,36768,995,6233086.00,13587,36.95,4.05,0.90
13-May-2015,168.10,171.90,165.25,170.00,169.227088903259432277,103607,2013,17533111.00,30584,29.52,6.65,1.90
12-May-2015,169.00,169.70,164.80,168.00,166.868179007195233280,101873,1704,16999362.00,49601,48.69,4.90,-1.00
11-May-2015,169.00,171.40,166.00,169.80,169.109737728158780790,112860,1888,19085725.00,32122,28.46,5.40,0.80
8-May-2015,161.70,169.70,161.70,166.85,165.448776441310659477,173592,4813,28720584.00,76617,44.14,8.00,5.15
7-May-2015,165.00,169.55,157.20,157.85,161.356380140098174492,207997,4935,33561643.00,97350,46.80,12.35,-7.15
6-May-2015,170.95,170.95,162.30,165.35,166.277927492405696927,145833,5197,24248809.00,55082,37.77,8.65,-5.60
5-May-2015,169.70,174.40,168.00,170.50,171.414009293762465577,384559,10620,65918800.00,169776,44.15,6.40,0.80
4-May-2015,168.00,174.00,166.00,170.65,169.863218836641103318,801799,21459,136196159.00,325920,40.65,8.00,2.65
30-April-2015,154.50,159.00,153.25,156.75,156.285857003996111891,111108,3766,17364609.00,34626,31.16,5.75,2.25
29-April-2015,149.50,155.80,147.00,153.25,151.974919171934565458,82892,3463,12597505.00,23489,28.34,8.80,3.75
28-April-2015,144.70,150.00,143.45,148.75,147.194763562990204055,61454,2481,9045707.00,20446,33.27,6.55,4.05
27-April-2015,149.50,149.90,143.60,145.25,145.840919439167229278,63691,1800,9288754.00,22850,35.88,6.30,-4.25
24-April-2015,160.00,160.60,147.25,148.90,152.223742362223408672,134856,3450,20528285.00,54113,40.13,13.35,-11.10
23-April-2015,162.20,163.65,158.30,159.85,160.079601723004253834,74521,2284,11929292.00,25948,34.82,5.35,-2.35
22-April-2015,159.00,165.65,156.50,160.45,161.223679233387971252,142758,5219,23015970.00,42037,29.45,9.15,1.45
21-April-2015,160.10,162.00,157.00,157.75,158.937811311495522021,81510,2113,12955021.00,36971,45.36,5.00,-2.35
20-April-2015,166.35,166.80,158.10,160.30,161.278003705209886584,177048,4129,28553948.00,93794,52.98,8.70,-6.05
17-April-2015,170.00,173.10,165.10,166.10,169.991673281349706619,192753,6777,32766405.00,49352,25.60,8.00,-3.90
16-April-2015,167.70,170.50,164.65,168.30,167.427327690447400241,161265,4481,27000168.00,65320,40.50,5.85,0.60
15-April-2015,166.40,174.00,162.50,167.65,168.538725922611708658,393367,12728,66297573.00,139060,35.35,11.50,1.25
13-April-2015,169.50,169.50,164.00,164.40,166.131793801358099717,189235,12705,31437950.00,83968,44.37,5.50,-5.10
10-April-2015,164.20,175.00,162.80,168.40,170.079923922277471034,921689,14799,156760795.00,514292,55.80,12.20,4.20
9-April-2015,165.90,165.90,160.50,162.70,162.894168873548169528,100821,3376,16423153.00,35056,34.77,5.40,-3.20
8-April-2015,162.60,166.50,160.60,163.05,163.721327859110798984,148088,4136,24245164.00,40990,27.68,5.90,0.45
7-April-2015,162.00,166.25,160.50,161.75,163.401091387584498684,155032,4937,25332398.00,40089,25.86,5.75,-0.25
6-April-2015,162.00,163.00,159.80,161.55,161.247825927083524847,108782,4319,17540861.00,43696,40.17,3.20,-0.45
1-April-2015,163.70,168.25,160.10,163.40,165.217839132381861017,102718,3481,16970846.00,32102,31.25,8.15,-0.30
31-March-2015,167.05,170.50,163.10,165.10,167.094440168785329476,188405,4998,31481428.00,53656,28.48,7.40,-1.95
30-March-2015,157.00,167.70,157.00,165.60,163.626028021026611611,322829,7897,52823227.00,84729,26.25,10.70,8.60
27-March-2015,156.00,162.70,153.90,158.00,158.900921751016278202,450664,10810,71610925.00,193230,42.88,8.80,2.00
26-March-2015,156.45,156.45,154.00,154.95,155.263154153168066458,98467,2385,15288297.00,46422,47.14,2.45,-1.50
25-March-2015,156.40,157.55,152.70,156.50,155.458055482493463091,129266,3323,20095441.00,60329,46.67,4.85,0.10
24-March-2015,156.50,157.00,153.75,155.55,155.431111018630266206,144174,3439,22409125.00,58644,40.68,3.25,-0.95
23-March-2015,160.55,163.80,154.05,155.55,157.602780275341841917,171278,4075,26993889.00,74986,43.78,9.75,-5.00
20-March-2015,163.50,168.50,160.00,160.80,164.570063249117657336,228936,7428,37676012.00,76000,33.20,8.50,-2.70
19-March-2015,160.00,171.25,155.00,163.00,164.388899037733403906,640467,15538,105285665.00,121125,18.91,16.25,3.00
18-March-2015,161.95,162.65,156.20,158.50,158.553443357239981870,112521,3566,17840592.00,42890,38.12,6.45,-3.45
17-March-2015,157.80,162.80,155.50,161.20,159.488205014257675073,162018,6563,25839960.00,60109,37.10,7.30,3.40
16-March-2015,159.55,160.70,153.05,156.60,155.771769876335413890,128331,4244,19990347.00,44248,34.48,7.65,-2.95
13-March-2015,160.50,167.90,157.00,158.85,162.678853561248178578,423433,11320,68883595.00,112535,26.58,10.90,-1.65
12-March-2015,155.40,160.90,152.20,158.65,157.695659719624769969,334195,8488,52701101.00,91573,27.40,8.70,3.25
11-March-2015,145.95,159.05,145.20,153.80,155.099618136839833308,602310,14618,93418051.00,119483,19.84,13.85,7.85
10-March-2015,146.00,148.80,144.00,145.35,146.740800411836485661,104896,2519,15392523.00,43208,41.19,4.80,-0.65
9-March-2015,146.00,147.75,143.80,145.10,145.679583587911829675,85108,2235,12398498.00,36687,43.11,3.95,-0.90
5-March-2015,150.00,150.00,145.05,147.95,147.903639741296270813,87204,2574,12897789.00,27022,30.99,4.95,-2.05
4-March-2015,153.50,154.95,146.80,148.30,150.912251098887901424,166532,4006,25131719.00,67192,40.35,8.15,-5.20
3-March-2015,147.50,155.90,147.00,153.05,152.486690364221108486,407637,9667,62159217.00,102564,25.16,8.90,5.55
2-March-2015,141.20,148.50,139.25,147.00,144.421509719537546956,219352,4793,31679147.00,78946,35.99,9.25,5.80
28-February-2015,143.00,143.80,138.50,139.90,140.715916365374038643,110911,2264,15606943.00,48547,43.77,5.30,-3.10
27-February-2015,140.10,144.35,140.10,142.00,142.275468572020296158,96570,2425,13739542.00,44186,45.76,4.25,1.90
26-February-2015,141.60,142.30,139.05,140.00,140.548195625808213456,124503,2418,17498672.00,54351,43.65,3.25,-1.60
25-February-2015,142.45,145.90,139.65,140.80,142.471080177714199254,145402,3371,20715580.00,60758,41.79,6.25,-1.65
24-February-2015,143.50,143.50,138.35,141.15,140.927794613880112622,93054,2091,13113895.00,36477,39.20,5.15,-2.35
23-February-2015,145.65,146.10,141.15,142.20,143.305996623223872668,105426,2224,15108178.00,34474,32.70,4.95,-3.45
20-February-2015,146.00,147.90,143.45,144.15,145.363949303708339852,140602,2991,20438462.00,49093,34.92,4.45,-1.85
19-February-2015,147.05,150.00,142.95,146.35,145.986244473389715459,272545,5532,39787821.00,69924,25.66,7.05,-0.70
18-February-2015,145.00,153.35,142.55,147.05,148.627980045627921778,446218,8842,66320480.00,108382,24.29,10.80,2.05
16-February-2015,143.60,146.40,142.75,144.20,144.320114098185495411,104822,2914,15127923.00,34716,33.12,3.65,0.60
13-February-2015,143.00,144.30,141.50,142.40,142.875445796773280498,141320,3699,20191158.00,62638,44.32,2.80,-0.60
12-February-2015,136.85,143.70,135.80,142.95,140.790414684087078692,342357,7637,48200584.00,112457,32.85,7.90,6.10
11-February-2015,135.90,137.70,133.70,135.75,135.147230628988149498,137125,3086,18532064.00,86920,63.39,4.00,-0.15
10-February-2015,135.45,139.20,132.70,135.60,136.488053021084132845,191471,4358,26133504.00,82790,43.24,6.50,0.15
9-February-2015,135.45,139.75,134.50,135.35,136.850570342205323193,149910,4232,20515269.00,65653,43.79,5.25,-0.10
6-February-2015,139.10,140.15,133.55,135.20,136.538842424624359678,111077,2797,15166325.00,53420,48.09,6.60,-3.90
5-February-2015,139.65,141.50,138.00,138.75,139.686499093627683035,173218,3896,24196216.00,73903,42.66,3.50,-0.90
4-February-2015,141.05,143.55,137.00,138.20,140.002062143090618931,208036,4677,29125469.00,84663,40.70,6.55,-2.85
3-February-2015,147.50,148.05,139.30,139.80,141.477702041324814465,280945,4069,39747453.00,209939,74.73,8.75,-7.70
2-February-2015,148.50,151.90,144.80,146.85,147.879301036766083095,181526,4123,26843938.00,89876,49.51,7.10,-1.65
30-January-2015,148.00,154.50,147.25,148.65,150.653938577095194470,208489,5576,31409689.00,88110,42.26,7.25,0.65
29-January-2015,157.45,157.65,142.00,146.30,146.227179375461998365,537069,7998,78534085.00,365753,68.10,15.65,-11.15
28-January-2015,159.90,164.10,154.40,156.10,160.036600526470789615,1212223,5052,194000048.00,1093892,90.24,9.70,-3.80
27-January-2015,160.00,162.35,156.00,159.35,159.962296069296582998,112906,3203,18060703.00,54217,48.02,6.35,-0.65
23-January-2015,170.00,170.00,156.00,158.75,160.553444398269244872,327256,11700,52542078.00,131138,40.07,14.00,-11.25
22-January-2015,171.05,177.40,168.50,170.05,173.245429662093102487,516592,18151,89497203.00,142667,27.62,8.90,-1.00
21-January-2015,168.40,168.40,164.00,166.40,166.100332357871741403,171201,2757,28436543.00,102496,59.87,4.40,-2.00
20-January-2015,167.15,171.85,166.20,167.15,168.880202719746829637,130821,3388,22093077.00,44181,33.77,5.65,0.00
19-January-2015,164.95,170.50,164.75,167.80,168.449930376908734747,169484,4299,28549568.00,77052,45.46,5.75,2.85
16-January-2015,167.55,169.65,163.00,163.75,165.845529337031126535,129086,3008,21408336.00,69745,54.03,6.65,-3.80
15-January-2015,170.00,172.15,164.80,168.10,168.802563070880800389,166519,6685,28108834.00,63560,38.17,7.35,-1.90
14-January-2015,164.50,169.80,164.50,168.20,167.515068984053037090,167430,4339,28047048.00,76577,45.74,5.30,3.70
13-January-2015,161.00,170.55,160.05,166.65,166.908524027985915104,435076,11533,72617893.00,149977,34.47,10.50,5.65
12-January-2015,165.05,167.35,158.65,159.55,161.762407988527340173,188971,4509,30568404.00,79544,42.09,8.70,-5.50
9-January-2015,169.00,171.95,163.10,164.65,167.629805084439301341,193571,4463,32448269.00,86807,44.85,8.85,-4.35
8-January-2015,169.95,171.80,166.40,167.75,168.875791923066435187,110017,2962,18579208.00,52504,47.72,5.40,-2.20
7-January-2015,169.45,170.00,162.60,166.45,165.908811357847149446,130729,3919,21689093.00,60340,46.16,7.40,-3.00
6-January-2015,173.00,173.00,166.95,168.25,169.268802073690057396,81015,2215,13713312.00,39562,48.83,6.05,-4.75
5-January-2015,177.05,178.00,172.50,174.65,174.990206171959557561,151524,4516,26515216.00,70208,46.33,5.50,-2.40
2-January-2015,177.40,180.90,174.60,176.30,177.769172254345141177,233997,13848,41597453.00,75572,32.30,6.30,-1.10
1-January-2015,171.50,179.50,170.45,175.85,176.061487251101533720,166132,5431,29249447.00,44181,26.59,9.05,4.35
